id,storage,filename_download,title,type,filesize,metadata,filename_disk
18df2c2c-ede9-4fc1-8ca4-8048ac35fcb4,local,dbd85b56fc_055_1.jpg,"""Verwöhnter Mann"" 100x100 oil on canvas",image/jpeg,630430,{},dbd85b56fc_055_1.jpg
0441ac3b-0954-4945-9aef-a90889c13646,local,7cf79cd771_img_1442.jpg,"""Quarter mushroom"" 40x50 cm oil on linen canvas",image/jpeg,1430293,{},7cf79cd771_img_1442.jpg
2883ef01-1932-4b78-a2a0-281e8bae8be8,local,a5c22bfdfc_img_0730.JPG,"""Torment"" 60x70 2023 Oil on wood ",image/jpeg,1907776,{},a5c22bfdfc_img_0730.JPG
83411b19-fda3-4286-9d3c-99b20c68a4da,local,a5390b9cc8_img_0617.JPG,"""Untitled"" 60x80 2023 SOLD",image/jpeg,508829,{},a5390b9cc8_img_0617.JPG
99edd8d3-6f45-4458-8b95-085a6098d16d,local,dc4fb0175d_img_6436.PNG,"""Untitled"" 100x100 2023 ",image/png,118528,{},dc4fb0175d_img_6436.PNG
d93d7f95-1ac1-45d4-9969-d4fc735f7ba5,local,ec18b167c6_img_0620.JPG,"""Forgetness"" 60x80 2023",image/jpeg,639237,{},ec18b167c6_img_0620.JPG
2e5f03e9-9fa5-4865-a502-81d513509ea2,local,76202a8433_img_0616.JPG,"""Phielons hand"" paper a3 coal 2023 French ",image/jpeg,515544,{},76202a8433_img_0616.JPG
57ebeaef-60bb-4a93-8439-90fbcc728833,local,709ae71907_a43db418-adfd-44a0-ba1d-d2c8e15ce40e.jpg,"""Grey aura in an athletic body"" 120x100cm  acrylic on canvas 2022",image/jpeg,241048,{},709ae71907_a43db418-adfd-44a0-ba1d-d2c8e15ce40e.jpg
4c8f0eb1-e45b-4044-86c3-16eaaa26ccda,local,a00dc83301_img_2001.JPG,The first Dog I ever loved (Sold),image/jpeg,772108,{},a00dc83301_img_2001.JPG
2de54070-b3b3-4600-a9f0-ae81201191da,local,e2b63ebb62_img_1976.JPG,"Pain in the right side of the body, upper (Sold)",image/jpeg,598990,{},e2b63ebb62_img_1976.JPG
0a8242e0-c2f5-4319-bd6b-091ad765c67c,local,6f0820fbde_rackmultipart20211015-1-1b4puyi.jpg,"""Buzzing"" - 100x100cm, acrylic on canvas",image/jpeg,841519,{},6f0820fbde_rackmultipart20211015-1-1b4puyi.jpg
e9679153-0527-4f4c-830f-cd96991e3c8c,local,cb6b211e81_img_3105.jpg,"""Unreal"" - 92x92cm, acrylic on canvas",image/jpeg,3292048,{},cb6b211e81_img_3105.jpg
84f6862a-8029-450f-95e2-5cb81246f6e3,local,28ea504d7f_65-jakub_kepka-1-714x1024.jpg,"""Expectation""- 100 × 70 cm, oil and acrylic on canvas, 2021.",image/jpeg,75173,{},28ea504d7f_65-jakub_kepka-1-714x1024.jpg
6329a5a3-579c-4573-8c97-0a5d5b720c80,local,5471231f80_separacja.jpg,"""Separation""- 60x80cm, acrylic on canvas (Sold)",image/jpeg,5019904,{},5471231f80_separacja.jpg
8ffd413b-a0b3-476e-b765-32d26fab0565,local,c058faf229_img_2359.JPG,"""Glass""  120/100cm acrylic on canvas 2022",image/jpeg,582756,{},c058faf229_img_2359.JPG
26708bb0-dfb3-4754-81a8-7ba4ac2d92e3,local,08be7e73fb_ja-czlowiek.jpg,"""I as a person, a being, for that moment""/Oils and acrylics on wood, 40x55cm, 2021. (Sold)",image/jpeg,1086285,{},08be7e73fb_ja-czlowiek.jpg
42fdb424-33e1-4b84-88aa-30379bf0637a,local,cfe7f99315_29.jpg,"""Judgment' - 'Mixed Technology, 2020'.  100x70cm (Sold)",image/jpeg,1054414,{},cfe7f99315_29.jpg
a39e508d-749d-4a5c-8cfb-9118c4c5f5b2,local,1128bfcf29_19.jpg," ""Self-Portrait"" - Acrylics on Canvas, 2020.  40x40cm (Sold)",image/jpeg,1156109,{},1128bfcf29_19.jpg
ef63e9a8-aef3-48d4-92a3-19f83cb0e445,local,76e202add4_35.jpg," ""Decomposition"" - Oil and Acrylic on own canvas, 2020.  50x60 cm (Sold)",image/jpeg,593938,{},76e202add4_35.jpg
a1760acc-8267-40b8-bdcd-1f0d4949cb33,local,0d450990f9_upokorzenie.jpg," ""Humiliation"" - Mixed Technique, 2020. 35x50cm",image/jpeg,1349461,{},0d450990f9_upokorzenie.jpg
e8bd9cd5-8f54-413e-bbbe-26452581f276,local,29e4c85c81_2.jpg,"My interpretation of Anna Bilinska-Bohdanowiczowa ""On the seashore"" Oil on board 50x43 cm 2020. (Sold)",image/jpeg,273100,{},29e4c85c81_2.jpg
27d27594-79b8-498e-bd79-b75c9d5d4b26,local,79e8d738be_a-painted-veil_3083_1_jpeg-quality-50.jpg,Caregiver/Primabalerina,image/jpeg,7193124,{},79e8d738be_a-painted-veil_3083_1_jpeg-quality-50.jpg
12fc6811-057e-4126-9cf2-f54274f31dbc,local,fcea6dabf9_a-painted-veil_3085_1_jpeg-quality-50.jpg,Caregiver/Primabalerina,image/jpeg,6986282,{},fcea6dabf9_a-painted-veil_3085_1_jpeg-quality-50.jpg
6dec8407-82e3-4ff7-906b-b90883d15007,local,851c3047c5_a-painted-veil_3092_jpeg-quality-50.jpg,Caregiver/Primabalerina,image/jpeg,8599131,{},851c3047c5_a-painted-veil_3092_jpeg-quality-50.jpg
24046b3e-6c74-48d5-a47e-857af8602620,local,5a48910172_a-painted-veil_3281_jpeg-quality-50.jpg,Caregiver/Primabalerina,image/jpeg,5212753,{},5a48910172_a-painted-veil_3281_jpeg-quality-50.jpg
256b4f19-6e6a-473d-87f5-b078a409ded4,local,0f1dcaa4b6_a-painted-veil_3283_jpeg-quality-50.jpg,Caregiver/Primabalerina,image/jpeg,5538756,{},0f1dcaa4b6_a-painted-veil_3283_jpeg-quality-50.jpg
d10f2b28-17d0-4e90-86da-d37093219792,local,6146121547_a-painted-veil_3093_jpeg-quality-50.jpg,Caregiver/Primabalerina,image/jpeg,5870072,{},6146121547_a-painted-veil_3093_jpeg-quality-50.jpg
abd59c19-6ddb-4e56-8f0e-ee29b57df673,local,23253434b6_a-painted-veil_3168_jpeg-quality-50.jpg,Caregiver/Primabalerina,image/jpeg,5350070,{},23253434b6_a-painted-veil_3168_jpeg-quality-50.jpg
97e62ece-2096-49c2-bccd-325be51f87df,local,6786fc43e4_a-painted-veil_3068-1_jpeg-quality-50.jpg,Caregiver/Primabalerina,image/jpeg,4403825,{},6786fc43e4_a-painted-veil_3068-1_jpeg-quality-50.jpg
f0328868-6a59-4ece-812c-541db75980d1,local,fac6e8ed8d_a-painted-veil_3096_jpeg-quality-50.jpg,Caregiver/Primabalerina,image/jpeg,4094309,{},fac6e8ed8d_a-painted-veil_3096_jpeg-quality-50.jpg
3b79e8e3-bbb7-43ea-a6fe-b3942a6f74cb,local,2c048084d7_a-painted-veil_3280_jpeg-quality-50.jpg,Caregiver/Primabalerina,image/jpeg,5326226,{},2c048084d7_a-painted-veil_3280_jpeg-quality-50.jpg
9956f4b5-1cb8-4421-87bb-e956838d5700,local,00a15a0781_a-painted-veil_3179_jpeg-quality-50.jpg,Caregiver/Primabalerina,image/jpeg,4204830,{},00a15a0781_a-painted-veil_3179_jpeg-quality-50.jpg
482d885b-7e85-4c66-9f0e-ceb99e5b40b6,local,b0fce724e9_a-painted-veil_3181_jpeg-quality-50.jpg,Caregiver/Primabalerina,image/jpeg,5015549,{},b0fce724e9_a-painted-veil_3181_jpeg-quality-50.jpg
cc950350-b84e-4b9d-b8cd-07525122e2ea,local,35626d45c9_a-painted-veil_3277_jpeg-quality-50.jpg,Caregiver/Primabalerina,image/jpeg,5093468,{},35626d45c9_a-painted-veil_3277_jpeg-quality-50.jpg
558390c2-9690-4985-9423-ce8c2992815c,local,d3acd08cc2_a-painted-veil_3181_jpeg-quality-50-1.jpg,Caregiver/Primabalerina,image/jpeg,5122538,{},d3acd08cc2_a-painted-veil_3181_jpeg-quality-50-1.jpg
947877fe-21c8-4b69-bfe6-4085da6e62b0,local,f2bd94dc13_a-painted-veil_3276_jpeg-quality-50-1.jpg,Caregiver/Primabalerina,image/jpeg,6238804,{},f2bd94dc13_a-painted-veil_3276_jpeg-quality-50-1.jpg
34cc9229-04d0-48eb-acf3-de4b85884e6b,local,cd4a9d4912_a-painted-veil_3276_jpeg-quality-50.jpg,Caregiver/Primabalerina,image/jpeg,6159305,{},cd4a9d4912_a-painted-veil_3276_jpeg-quality-50.jpg
041968f9-b1b2-4438-9672-e38730f25a87,local,141d80d4c9_a-painted-veil_3196_jpeg-quality-50.jpg,Caregiver/Primabalerina,image/jpeg,1966691,{},141d80d4c9_a-painted-veil_3196_jpeg-quality-50.jpg
3c6101cf-a4f6-43b4-9bd2-c90b64e5598a,local,e00568c5b5_a-painted-veil_3011_jpeg-quality-50-1.jpg,Caregiver/Primabalerina,image/jpeg,3353404,{},e00568c5b5_a-painted-veil_3011_jpeg-quality-50-1.jpg
86af577a-2418-4385-80a7-884a03a83105,local,2b1afc0f0d_a-painted-veil_3061_jpeg-quality-50.jpg,Caregiver/Primabalerina,image/jpeg,3752513,{},2b1afc0f0d_a-painted-veil_3061_jpeg-quality-50.jpg
0d4b7850-41f6-4ff4-b637-cfb64e5896f1,local,38ae728016_a-painted-veil_3034_jpeg-quality-50.jpg,Caregiver/Primabalerina,image/jpeg,3106485,{},38ae728016_a-painted-veil_3034_jpeg-quality-50.jpg
afe44046-c8de-4c3d-982c-5faa823326fd,local,00f02cd538_a-painted-veil_3011_jpeg-quality-50.jpg,Caregiver/Primabalerina,image/jpeg,4143199,{},00f02cd538_a-painted-veil_3011_jpeg-quality-50.jpg
bee7ad5d-d917-4258-a370-79a3760663bc,local,63f465df71_11.jpg,Try out before ,image/jpeg,5311847,{},63f465df71_11.jpg
6e24731c-8a93-45b8-90c5-a861d67d7eea,local,fc7e3c8712_10.jpg,Try out before ,image/jpeg,5727475,{},fc7e3c8712_10.jpg
26e4dae2-ead3-416d-89e4-0faefa6bbaba,local,586378d7d0_3.jpg,Try out before ,image/jpeg,4484451,{},586378d7d0_3.jpg
78329cb0-77cb-4063-96c9-32a50285a64b,local,8dd84ac844_7.jpg,Try out before ,image/jpeg,4879399,{},8dd84ac844_7.jpg
7ca39aa5-8270-4035-9238-9614435525d8,local,4e98f0a7fd_6.jpeg,Try out before ,image/jpeg,3414396,{},4e98f0a7fd_6.jpeg
e3c44fb2-7474-4334-b15b-d77ee3364a3d,local,2f79feea07_img_5500.JPG,ABGRUND 24',image/jpeg,6851933,{},2f79feea07_img_5500.JPG
e0cc608d-5bfb-4e9c-ac03-ebe480a0a2d9,local,c4f694d5ae_img_5429.JPG,ABGRUND 24',image/jpeg,8116869,{},c4f694d5ae_img_5429.JPG
c978fc5a-68fb-47db-8bca-ce27d14f933f,local,ecf55d36b8_img_5432.JPG,ABGRUND 24',image/jpeg,9135516,{},ecf55d36b8_img_5432.JPG
e5b03ff0-8f1b-4686-af10-4413dac4f30d,local,ac06eddd3f_widok-39.jpg,ABGRUND 24',image/jpeg,960650,{},ac06eddd3f_widok-39.jpg
8e5911c6-9f1f-4d2b-9bd3-cb21a38bccf8,local,85bb8cfd7a_dsc_0256.jpg,ABGRUND 24',image/jpeg,8175610,{},85bb8cfd7a_dsc_0256.jpg
09d1cd7d-5612-46bd-8476-0fa73dbeb753,local,eaa1848220_dsc_0268.jpg,ABGRUND 24',image/jpeg,7466671,{},eaa1848220_dsc_0268.jpg
175a1470-c0ea-4405-bcba-af6a11719871,local,0a2d39aadd_widok-21.jpg,ABGRUND 24',image/jpeg,1445765,{},0a2d39aadd_widok-21.jpg
8c4dc352-642f-49e0-ad03-46e6971fbc25,local,394cb4cad2_widok-17.jpg,ABGRUND 24',image/jpeg,1118708,{},394cb4cad2_widok-17.jpg
f7faa2f3-6d09-44b1-a525-f1002e914397,local,c4bfda5a61_widok-43.jpg,ABGRUND 24',image/jpeg,1503193,{},c4bfda5a61_widok-43.jpg
69b1d90b-109b-41d3-9a83-dd436ea4014e,local,2a00a34ef6_widok-3.jpg,ABGRUND 24',image/jpeg,1615306,{},2a00a34ef6_widok-3.jpg
cac27c30-6ae1-4eac-b2ec-ab0842072a2c,local,cd400474a7_widok-23.jpg,ABGRUND 24',image/jpeg,1321275,{},cd400474a7_widok-23.jpg
f32e3298-57fc-453a-b54b-a6754f36dd62,local,6d2f639683_widok-16.jpg,ABGRUND 24',image/jpeg,931089,{},6d2f639683_widok-16.jpg
0c12fae5-d606-41fb-8fe4-9ef053c766cc,local,27f37342aa_widok-28.jpg,ABGRUND 24',image/jpeg,992197,{},27f37342aa_widok-28.jpg
13ffd9e9-70b3-4be1-87c4-c7bec19af713,local,151481485a_widok-24.jpg,ABGRUND 24',image/jpeg,1310227,{},151481485a_widok-24.jpg
dda58cb6-4cad-490a-b521-4830cb01cda6,local,d7fd73670e_widok-42.jpg,ABGRUND 24',image/jpeg,726159,{},d7fd73670e_widok-42.jpg
8a77a79e-1a84-4431-b108-24cb9910a62a,local,64ab1155df_widok-4.jpg,ABGRUND 24',image/jpeg,740532,{},64ab1155df_widok-4.jpg
2c511cfb-1519-4905-a471-31de948ab692,local,5291b96e9d_widok-30.jpg,ABGRUND 24',image/jpeg,1854426,{},5291b96e9d_widok-30.jpg
0416e194-5bb7-4a7f-86b1-1001043f264e,local,d57a0e5831_dsc_0241.jpg,ABGRUND 24',image/jpeg,11083496,{},d57a0e5831_dsc_0241.jpg
9bc57ec2-a0b2-4d60-a4f9-9286972a5db7,local,ac64a3d14a_dsc_0270.jpg,ABGRUND 24',image/jpeg,11757574,{},ac64a3d14a_dsc_0270.jpg
f021728e-375f-46c9-a731-f1862806aaec,local,c325a5a8a8__dsf0688.jpg,ABGRUND 24',image/jpeg,7993394,{},c325a5a8a8__dsf0688.jpg
66c57d2a-c36a-4f57-861b-5618fa24b039,local,40cea52c11_78c7a359-52fb-478c-af10-3796392e395f.jpg,"The show ""Admiration"" 24'",image/jpeg,119016,{},40cea52c11_78c7a359-52fb-478c-af10-3796392e395f.jpg
5c8d04ad-6166-4157-8cb5-dbebf70566b6,local,3f01462e69_img_1898.jpg,"The show ""Admiration"" 24'",image/jpeg,2821340,{},3f01462e69_img_1898.jpg
318e1005-5fff-46ac-9150-16c6f1f51a09,local,c142fe28ef_f8fa8046-755b-4e8f-8962-04ac56b7adb6.jpg,"The show ""Admiration"" 24'",image/jpeg,107269,{},c142fe28ef_f8fa8046-755b-4e8f-8962-04ac56b7adb6.jpg
3658046d-8476-4348-9c5b-5b3e32810ec9,local,3007e45d57_03eb22e7-8e2f-4f50-9446-b7749e6708d8.jpg,"The show ""Admiration"" 24'",image/jpeg,163922,{},3007e45d57_03eb22e7-8e2f-4f50-9446-b7749e6708d8.jpg
9625b5af-200c-497f-ace8-8371fcb48264,local,8099c248bc_682a5125-2650-4aef-a5f0-1213ed7c4c1b.jpg,"The show ""Admiration"" 24'",image/jpeg,41879,{},8099c248bc_682a5125-2650-4aef-a5f0-1213ed7c4c1b.jpg
0865227d-36d2-44a7-8794-2ab19580372e,local,f7a274c4ff_a1.jpg,"The show ""Admiration"" 24'",image/jpeg,11156364,{},f7a274c4ff_a1.jpg
86f80189-6df6-4fb7-a453-a16586af98d8,local,040d31dd07_8adb8e91-ec69-4702-b7a0-e0fcd35a661a.jpg,"The show ""Admiration"" 24'",image/jpeg,155219,{},040d31dd07_8adb8e91-ec69-4702-b7a0-e0fcd35a661a.jpg
c8951ef3-e18f-40e2-91bf-8a95bf04d8a7,local,d11744199b_img_1874.jpg,"The show ""Admiration"" 24'",image/jpeg,2977435,{},d11744199b_img_1874.jpg
6b882885-500c-4432-a5e2-98e22384d856,local,41eb651b7b__mg_5185.jpg,"The show ""Admiration"" 24'",image/jpeg,11199660,{},41eb651b7b__mg_5185.jpg
19829b4e-8a4b-4e45-8de5-14d6710cc1e6,local,a03a120c23__mg_5149.jpg,"The show ""Admiration"" 24'",image/jpeg,11760566,{},a03a120c23__mg_5149.jpg
341de4ae-687d-4147-ae67-99f82f821d05,local,af71d5fd35__mg_5181.jpg,"The show ""Admiration"" 24'",image/jpeg,11381495,{},af71d5fd35__mg_5181.jpg
4eea99c6-e664-4a6d-9328-e039b71235bb,local,1304b9d123__mg_5180.jpg,"The show ""Admiration"" 24'",image/jpeg,11320319,{},1304b9d123__mg_5180.jpg
092d5030-388f-4452-a813-af477c2a90bf,local,5d1ebf7623__mg_5166.jpg,"The show ""Admiration"" 24'",image/jpeg,11077746,{},5d1ebf7623__mg_5166.jpg
151e3f60-aff2-41b3-b310-9083b311a2a2,local,d143d6e04d__mg_5164.jpg,"The show ""Admiration"" 24'",image/jpeg,10852597,{},d143d6e04d__mg_5164.jpg
52643182-cd51-4dec-af9e-1864500ce229,local,f6a0a2aa97__mg_5160.jpg,"The show ""Admiration"" 24'",image/jpeg,10638428,{},f6a0a2aa97__mg_5160.jpg
6017bb44-d8f7-4eff-b96c-c1b4d44d83b7,local,170d39f3f9__mg_5161.jpg,"The show ""Admiration"" 24'",image/jpeg,10676483,{},170d39f3f9__mg_5161.jpg
53cac9bb-9a68-4982-8e5e-1036f0682b08,local,8270feedb2__mg_5159.jpg,"The show ""Admiration"" 24'",image/jpeg,11028285,{},8270feedb2__mg_5159.jpg
729c2aa2-2f76-4ac3-a947-2778c6d347a1,local,3d970ab14c__mg_5145.jpg,"The show ""Admiration"" 24'",image/jpeg,10980990,{},3d970ab14c__mg_5145.jpg
2b942fb2-24fe-43ea-8d6b-db8f17a251c8,local,053735295f__mg_5176.jpg,"The show ""Admiration"" 24'",image/jpeg,9681208,{},053735295f__mg_5176.jpg
934f8b72-2ec9-4acc-9741-3bd796506ad4,local,07c74bb828__mg_5171.jpg,"The show ""Admiration"" 24'",image/jpeg,9507798,{},07c74bb828__mg_5171.jpg
86891959-954b-4823-8676-b0e1acf7d0a0,local,3d2a0c2808__mg_5175.jpg,"The show ""Admiration"" 24'",image/jpeg,9877407,{},3d2a0c2808__mg_5175.jpg
e0a4109a-a66c-47fc-9808-97bbf8866886,local,cffd63bc5b__mg_5141.jpg,"The show ""Admiration"" 24'",image/jpeg,10135605,{},cffd63bc5b__mg_5141.jpg
68ee6f0e-4062-4169-9e83-0e11aed7e475,local,9e1e988a53__mg_5177.jpg,"The show ""Admiration"" 24'",image/jpeg,9541592,{},9e1e988a53__mg_5177.jpg
52f03d23-86fb-4e45-8c0b-025a4c208df1,local,6283eddaa7__mg_5167.jpg,"The show ""Admiration"" 24'",image/jpeg,8256077,{},6283eddaa7__mg_5167.jpg
8c054557-1076-4c7d-bca5-0c4089051546,local,7f7c87ddf2_img_0644-1.JPG,ANGST,image/jpeg,833698,{},7f7c87ddf2_img_0644-1.JPG
9e850c5e-5393-484b-8e18-6dafc24b5135,local,0118a20012_img_0611.JPG,ANGST,image/jpeg,130961,{},0118a20012_img_0611.JPG
15dafbc8-30d0-4c05-b67f-f48092d04d61,local,4cab4ff0d3_img_0615.JPG,ANGST,image/jpeg,511458,{},4cab4ff0d3_img_0615.JPG
bddbd893-ef30-4ed1-90b5-5741be0a8943,local,14da8730a6_img_0752.JPG,ANGST,image/jpeg,224748,{},14da8730a6_img_0752.JPG
0bb73c8c-0806-41b0-bcbc-5e0fa09ebcce,local,66996c7fe2_img_0753.JPG,ANGST,image/jpeg,865326,{},66996c7fe2_img_0753.JPG
8a4253c6-df8e-4b0b-acc9-6a301e2d00aa,local,31113c4334_img_0757.JPG,ANGST,image/jpeg,376254,{},31113c4334_img_0757.JPG
3506479b-0b2c-4fe0-872e-cb232114193f,local,24afae835b_img_0754.JPG,ANGST,image/jpeg,474435,{},24afae835b_img_0754.JPG
064af6e3-b77d-43d2-b8cb-cd6fb3a8b874,local,07ef9e0d74_img_0758.JPG,ANGST,image/jpeg,894318,{},07ef9e0d74_img_0758.JPG
133f1a31-d3a0-4652-90b2-0291d647b72b,local,dfae752ab2_img_0762.JPG,ANGST,image/jpeg,6174115,{},dfae752ab2_img_0762.JPG
c0c89fbf-e3ef-4fb9-a8e8-4ea0e769d7f0,local,67e75e7681_img_5962.JPG,First Set,image/jpeg,4953799,{},67e75e7681_img_5962.JPG
23f67841-410f-40c2-9434-468f642572fc,local,7fcdc7ce0e_img_6063.JPG,First Set,image/jpeg,17310151,{},7fcdc7ce0e_img_6063.JPG
866b1696-5aba-47af-b393-9984e270e34d,local,dd8d9d9918_img_6064.JPG,First Set,image/jpeg,12487912,{},dd8d9d9918_img_6064.JPG
da08e634-43ea-487d-97e7-d9c5f4e75ba0,local,f4cc7c8b99_img_6058.JPG,First Set,image/jpeg,20443915,{},f4cc7c8b99_img_6058.JPG
7ec8d4e4-d523-4137-9a3c-def40a2498c9,local,17f82e4f42_img_6057.JPG,First Set,image/jpeg,16507720,{},17f82e4f42_img_6057.JPG
5dfefd98-c47a-40a2-a36a-179a2944b630,local,d130a759d1_img_6061.JPG,First Set,image/jpeg,12730078,{},d130a759d1_img_6061.JPG
61c44907-b56d-4e49-bda7-3d6d4c590d8c,local,5dc9c2e77d_c6c9ea6a-0f0a-40ad-9381-e29016b2f4cd.jpeg,Prototype,image/jpeg,137555,{},5dc9c2e77d_c6c9ea6a-0f0a-40ad-9381-e29016b2f4cd.jpeg
84bc5d74-611d-43f9-91e2-494a499ab10b,local,56fb85d891_6d395d25-11eb-42aa-84c3-a3211bbd4c60.jpeg,Prototype,image/jpeg,64494,{},56fb85d891_6d395d25-11eb-42aa-84c3-a3211bbd4c60.jpeg
b0874e22-6e82-4b13-8c64-0bca95f6da88,local,5add8f7a1a_48209fd5-6ef2-4af0-8bca-0d4c9ba3b4fc.jpeg,Prototype,image/jpeg,68879,{},5add8f7a1a_48209fd5-6ef2-4af0-8bca-0d4c9ba3b4fc.jpeg
3351277b-74d5-4a86-8d4f-899b2420f18f,local,8662e35d6a_ef758f14-a39b-44b1-add0-b4218ddefbfe.jpeg,Prototype,image/jpeg,4417825,{},8662e35d6a_ef758f14-a39b-44b1-add0-b4218ddefbfe.jpeg
2a953bda-9f12-4f47-b86a-2cbba9d4861c,local,fe355ce95c_7e86a822-55a4-4ebf-97c2-efd68365e046.jpeg,Prototype,image/jpeg,4706573,{},fe355ce95c_7e86a822-55a4-4ebf-97c2-efd68365e046.jpeg
fa105428-de87-4216-828b-f22be69ba0a7,local,d581ea72df_jk6a0147.jpeg,Fashion Show 22,image/jpeg,9148922,{},d581ea72df_jk6a0147.jpeg
a17c179d-4414-493c-9517-564c836de412,local,93e37eb26d_img_3096.JPG,Fashion Show 22,image/jpeg,976618,{},93e37eb26d_img_3096.JPG
afb6517b-5d9a-4f5e-97c9-3ab8f4d9d9e7,local,d6cf1e7ed3_img_3051.JPG,Fashion Show 22,image/jpeg,887835,{},d6cf1e7ed3_img_3051.JPG
eb8dd183-e8a0-4ca7-a67e-c213c17c38b7,local,767c58a59d_b022f556-34d0-4465-b8c3-1210b224d080.jpg,Fashion Show 22,image/jpeg,288382,{},767c58a59d_b022f556-34d0-4465-b8c3-1210b224d080.jpg
ee5fc5ad-b43e-4d3e-b498-72bfacdfc952,local,cbc755c253_img_2894.JPG,Fashion Show 22,image/jpeg,1027383,{},cbc755c253_img_2894.JPG
c8eefe72-a64c-4f8e-8836-ec4e2a573dcd,local,845b677ffe_img_2951.JPG,Fashion Show 22,image/jpeg,1029066,{},845b677ffe_img_2951.JPG
249baceb-c55a-42d6-981b-47697abef236,local,f842404af4_img_2968.JPG,Fashion Show 22,image/jpeg,613833,{},f842404af4_img_2968.JPG
59ab5c6d-cb89-4f62-b4ff-176651defe4c,local,13e8e55f6a_img_3339.JPG,Fashion Show 22,image/jpeg,984758,{},13e8e55f6a_img_3339.JPG
b2d206fe-4177-40c5-8156-dfbdb5ea8747,local,903aa85171_img_3083.JPG,Fashion Show 22,image/jpeg,1287624,{},903aa85171_img_3083.JPG
ccb306a8-67e1-4583-ba07-a1e3db89ce47,local,71b8ff66a8_img_3364.JPG,Fashion Show 22,image/jpeg,3442681,{},71b8ff66a8_img_3364.JPG
6555b759-e151-4f3d-ab80-645b078b55d9,local,4e6e73c318_jk6a0389.jpeg,Fashion Show 22,image/jpeg,8557898,{},4e6e73c318_jk6a0389.jpeg
148c4e6d-537a-456e-a9f1-ad75029a7b90,local,aee938c36f_jk6a0243.jpeg,Fashion Show 22,image/jpeg,9425603,{},aee938c36f_jk6a0243.jpeg
a5d5c83f-54b2-4347-8ace-d6e2ef184063,local,e35aa2573d_jk6a0297.jpeg,Fashion Show 22,image/jpeg,8629072,{},e35aa2573d_jk6a0297.jpeg
5959d138-a13a-4873-a979-57f4cd3c3741,local,5722dbbed5_jk6a0343.jpeg,Fashion Show 22,image/jpeg,4779342,{},5722dbbed5_jk6a0343.jpeg
244d2c38-fcc9-48ae-955f-6475f1be8249,local,5dcb46f9cd_jk6a0301.jpeg,Fashion Show 22,image/jpeg,9303258,{},5dcb46f9cd_jk6a0301.jpeg
552af12b-839f-4b89-9963-cd77f3ba85f5,local,bed3c3c382_kubapokaz23.jpg,NAROCZ13,image/jpeg,10988055,{},bed3c3c382_kubapokaz23.jpg
437d340c-1f76-4ecf-aa32-f6f1b683f22a,local,de85b41d28_kubapokaz28.jpg,NAROCZ13,image/jpeg,3917202,{},de85b41d28_kubapokaz28.jpg
34c0d8cc-09de-4bd2-bd93-5a2c8eb1cdaf,local,9879e80a97_kubapokaz25.jpg,NAROCZ13,image/jpeg,7031126,{},9879e80a97_kubapokaz25.jpg
0557664d-2ddc-4aa3-9608-30b17d1f3c31,local,cec47fb25d_kubapokaz22.jpg,NAROCZ13,image/jpeg,6625115,{},cec47fb25d_kubapokaz22.jpg
0ab881c0-d4b1-4c62-9239-2db627894294,local,6c351061a3_kubapokaz27.jpg,NAROCZ13,image/jpeg,9535605,{},6c351061a3_kubapokaz27.jpg
e9ff2454-4c85-4fb3-8be8-43388e9fb306,local,4b061a7cdc_kubapokaz26.jpg,NAROCZ13,image/jpeg,10314388,{},4b061a7cdc_kubapokaz26.jpg
77b2ad39-8fba-45ee-9d83-854ab9d825c6,local,fc3870b897_img20220130_12205874.jpg,NAROCZ13,image/jpeg,74924480,{},fc3870b897_img20220130_12205874.jpg
4d11f6c9-8df5-471e-bf42-1021af866ba8,local,2b29240a30_img20220130_12324459.jpg,NAROCZ13,image/jpeg,73394125,{},2b29240a30_img20220130_12324459.jpg
0dc5bdef-fa04-4b85-acb6-d1db6851c395,local,ecab0d714c_img20220130_12473344.jpg,NAROCZ13,image/jpeg,70858274,{},ecab0d714c_img20220130_12473344.jpg
656d4c0a-0074-4352-9d08-542d795026ea,local,99bc262c0b_img20220130_12355515.jpg,NAROCZ13,image/jpeg,77625820,{},99bc262c0b_img20220130_12355515.jpg
137e4d57-f937-4e1f-bc81-5573fe810275,local,c7b79222c2_img_8110.JPG,Pre-show session,image/jpeg,8294827,{},c7b79222c2_img_8110.JPG
c7eaf7fc-ea70-4713-a503-dede1616de4e,local,1b1cb8eb4a_img_8113.JPG,Pre-show session,image/jpeg,12406489,{},1b1cb8eb4a_img_8113.JPG
d1766407-3b7a-4fdb-a094-46c2c1e5f5fd,local,4a084aa3e9_img_8115.JPG,Pre-show session,image/jpeg,7976979,{},4a084aa3e9_img_8115.JPG
b35460a0-7292-4eb7-95cd-84db0f20d3dd,local,98eba6b18c_img_8114.JPG,Pre-show session,image/jpeg,12523418,{},98eba6b18c_img_8114.JPG
1bf82e27-3907-4a25-b247-73fafd07b338,local,5ecdc1198c_img_8112.JPG,Pre-show session,image/jpeg,7515407,{},5ecdc1198c_img_8112.JPG
1eb70914-3365-4323-9977-7ec1dd898de9,local,369ee32716_img_8111.JPG,Pre-show session,image/jpeg,11623006,{},369ee32716_img_8111.JPG
e48ead05-55b3-4b4c-97f3-c7432de992fc,local,070a610c77_armada-x-kepka-x-konieczny-ph-dominika-orz_84.jpg,The Village Show,image/jpeg,7576051,{},070a610c77_armada-x-kepka-x-konieczny-ph-dominika-orz_84.jpg
15948521-08f7-409d-b9b9-c4b2609e0e29,local,21ddc9d0b1_armada-x-kepka-x-konieczny-ph-dominika-orz_82.jpg,The Village Show,image/jpeg,9535090,{},21ddc9d0b1_armada-x-kepka-x-konieczny-ph-dominika-orz_82.jpg
58ad5681-4036-4ca8-8850-e0b972393bae,local,a15a122655_armada-x-kepka-x-konieczny-ph-dominika-orz_89.jpg,The Village Show,image/jpeg,9601154,{},a15a122655_armada-x-kepka-x-konieczny-ph-dominika-orz_89.jpg
61265edf-f981-4123-803b-fa7b611d7ab3,local,a0dae00590_armada-x-kepka-x-konieczny-ph-dominika-orz_87.jpg,The Village Show,image/jpeg,7081959,{},a0dae00590_armada-x-kepka-x-konieczny-ph-dominika-orz_87.jpg
b45e7c97-dedf-4caa-ae41-4809112e179a,local,ba5e7634d0_armada-x-kepka-x-konieczny-ph-dominika-orz_90.jpg,The Village Show,image/jpeg,9945393,{},ba5e7634d0_armada-x-kepka-x-konieczny-ph-dominika-orz_90.jpg
de0412c4-8241-4d43-b9b9-8c74a3ec4471,local,42d6752656_armada-x-kepka-x-konieczny-ph-dominika-orz_91.jpg,The Village Show,image/jpeg,7607891,{},42d6752656_armada-x-kepka-x-konieczny-ph-dominika-orz_91.jpg
99301ff3-b30e-4598-a84a-a5b647c15cf0,local,83b01b29c9_armada-x-kepka-x-konieczny-ph-dominika-orz_93.jpg,The Village Show,image/jpeg,8563732,{},83b01b29c9_armada-x-kepka-x-konieczny-ph-dominika-orz_93.jpg
7611272b-6f8c-4802-8a9f-c8dcc0f1b5ee,local,68bbac59a5_armada-x-kepka-x-konieczny-ph-dominika-orz_92.jpg,The Village Show,image/jpeg,8910115,{},68bbac59a5_armada-x-kepka-x-konieczny-ph-dominika-orz_92.jpg
8f71846a-1062-47b4-bc12-24fbc9bd4365,local,40267db024_armada-x-kepka-x-konieczny-ph-dominika-orz_86.jpg,The Village Show,image/jpeg,7114051,{},40267db024_armada-x-kepka-x-konieczny-ph-dominika-orz_86.jpg
145e8d9e-290e-4970-a482-cd6219df6571,local,3b859e7173_armada-x-kepka-x-konieczny-ph-dominika-orz_95.jpg,The Village Show,image/jpeg,8369877,{},3b859e7173_armada-x-kepka-x-konieczny-ph-dominika-orz_95.jpg
28f3d507-80c4-41f4-8fec-55f4dbb2eb7c,local,1cba125552_armada-x-kepka-x-konieczny-ph-dominika-orz_94.jpg,The Village Show,image/jpeg,8565058,{},1cba125552_armada-x-kepka-x-konieczny-ph-dominika-orz_94.jpg
c78e35d7-c9b2-4530-b831-b8aebd2962f0,local,6a686f46bb_dscf8494.jpg,The Village Show,image/jpeg,20887134,{},6a686f46bb_dscf8494.jpg
4e4b46f7-852e-4bdf-a5b9-0488c317ca65,local,3c24c0c1cd_dscf8503.jpg,The Village Show,image/jpeg,11117842,{},3c24c0c1cd_dscf8503.jpg
ba58034f-f9e9-4489-9b46-31f923d576db,local,604e2b9da1_armada-x-kepka-x-konieczny-ph-dominika-orz_83.jpg,The Village Show,image/jpeg,14555178,{},604e2b9da1_armada-x-kepka-x-konieczny-ph-dominika-orz_83.jpg
e7e3caed-ed21-4642-9315-de3129a27959,local,97d0c2e3fd_armada-x-kepka-x-konieczny-ph-dominika-orz_70.jpg,The Village Show,image/jpeg,7307925,{},97d0c2e3fd_armada-x-kepka-x-konieczny-ph-dominika-orz_70.jpg
97d66fa0-f600-4815-90b8-9b43ee6fa751,local,7dbf15666d_armada-x-kepka-x-konieczny-ph-dominika-orz_69.jpg,The Village Show,image/jpeg,6180742,{},7dbf15666d_armada-x-kepka-x-konieczny-ph-dominika-orz_69.jpg
5e34f0c3-0f3e-49b0-970c-5fbbd241024a,local,708f93e2e0_armada-x-kepka-x-konieczny-ph-dominika-orz_56.jpg,The Village Show,image/jpeg,7253427,{},708f93e2e0_armada-x-kepka-x-konieczny-ph-dominika-orz_56.jpg
81f2e31a-8ed7-4a71-86c2-70bcd233a9aa,local,536bb3356d_dscf0080.jpg,ART FUNERAL,image/jpeg,13696768,{},536bb3356d_dscf0080.jpg
ee709452-957c-4265-bd72-e9880e835491,local,66359845cb_dscf0049.jpg,ART FUNERAL,image/jpeg,10605206,{},66359845cb_dscf0049.jpg
cdd95721-a300-49c4-b4e8-c5ea0fade074,local,96db4e6c9f_dscf0154.jpg,ART FUNERAL,image/jpeg,11828016,{},96db4e6c9f_dscf0154.jpg
4b601d8d-5e29-4ecb-bc38-21aee4d8cc1a,local,0c2179810d_dscf0190.jpg,ART FUNERAL,image/jpeg,11969177,{},0c2179810d_dscf0190.jpg
6427737d-dd73-4f38-b49f-e3029c8b5a70,local,f737494dda_dscf0169.jpg,ART FUNERAL,image/jpeg,11587578,{},f737494dda_dscf0169.jpg
988b0237-7493-4ca2-9fa8-ae439c2d9881,local,c1352d4a28_dscf0209.jpg,ART FUNERAL,image/jpeg,13131202,{},c1352d4a28_dscf0209.jpg
94947cfe-0ff9-49ff-bbf0-161459dea765,local,812b9bd146_dscf0095.jpg,ART FUNERAL,image/jpeg,11898467,{},812b9bd146_dscf0095.jpg
1557a088-0ede-4b42-a28f-e06661deb497,local,b90fc5892e_dscf0117.jpg,ART FUNERAL,image/jpeg,13855884,{},b90fc5892e_dscf0117.jpg
3e3075a3-5664-471a-aaba-bd54044f524d,local,12d44a8c23_dscf9747.jpg,ART FUNERAL,image/jpeg,13240880,{},12d44a8c23_dscf9747.jpg
95c6afdd-c2c6-4304-af84-0c1e780d8c00,local,e7c25f7044_dscf0156.jpg,ART FUNERAL,image/jpeg,15102765,{},e7c25f7044_dscf0156.jpg
fd04c90b-afe6-4019-9669-711ba6a5859c,local,d2266a5eca_dscf0274-3.jpg,ART FUNERAL,image/jpeg,16277430,{},d2266a5eca_dscf0274-3.jpg
aae1e937-2728-465b-a47b-bcd3ac2f33da,local,82eecfc538_dscf9959.jpg,ART FUNERAL,image/jpeg,16031837,{},82eecfc538_dscf9959.jpg
7f73c0a6-67e7-4de7-b78d-6a94cbdd25d3,local,933ab952f8_dscf0262.jpg,ART FUNERAL,image/jpeg,22828609,{},933ab952f8_dscf0262.jpg
fce90f01-93c3-4c99-8a0e-8b2c4ed22664,local,c57c5c290c_dscf0255.jpg,ART FUNERAL,image/jpeg,21454470,{},c57c5c290c_dscf0255.jpg
0ee781ca-c7b6-4b5c-bccd-9c3ef5aeb1e9,local,09a81afdf0_img_5791.jpg,Sentence,image/jpeg,16435278,{},09a81afdf0_img_5791.jpg
c003f4cf-6160-4962-9820-81d03e6072a5,local,91a6e6775c_img_5746-kopia.jpg,Sentence,image/jpeg,5807168,{},91a6e6775c_img_5746-kopia.jpg
375272ac-e404-478a-aba6-84235c18eb4e,local,b80f601737_img_5613-kopia.jpg,Sentence,image/jpeg,4195571,{},b80f601737_img_5613-kopia.jpg
a987f66f-ad33-480d-bc58-c81e8ae76957,local,181bbf586f_img_5627-kopia.jpg,Sentence,image/jpeg,8092103,{},181bbf586f_img_5627-kopia.jpg
87ea49e9-5961-49d2-85cd-a060691873e2,local,5b5393cae0_img_5710-kopia.jpg,Sentence,image/jpeg,15345937,{},5b5393cae0_img_5710-kopia.jpg
4b5aa245-b1e3-4bd6-b59b-2d04972d93f6,local,e67c22c7cd_img_5626-kopia.jpg,Sentence,image/jpeg,14897490,{},e67c22c7cd_img_5626-kopia.jpg
5dbff4e4-b56d-4436-8b10-70d198a23deb,local,c8cb35ea24_img_5691-kopia.jpg,Sentence,image/jpeg,14628864,{},c8cb35ea24_img_5691-kopia.jpg
f43e244f-6be8-455c-91fb-a22492fa71f3,local,ee6419436c_img_5829-kopia.jpg,Sentence,image/jpeg,12999199,{},ee6419436c_img_5829-kopia.jpg
15d9503a-75aa-45a4-a555-3c800ef92709,local,ef342852fb_img_5673-kopia.jpg,Sentence,image/jpeg,11524856,{},ef342852fb_img_5673-kopia.jpg
c7bbd357-c65b-443c-8f62-c631f5691dbd,local,398d149216_9483b21c-db8f-455f-80d8-2b42213abda3.jpg,Sentence,image/jpeg,2715393,{},398d149216_9483b21c-db8f-455f-80d8-2b42213abda3.jpg
d5498f40-8d34-4bd7-83f8-0b79ae16b98a,local,9e2f76b64e_a39e51b7-8a3f-43fb-b69a-84041f5f3a4c.jpg,Sentence,image/jpeg,9487666,{},9e2f76b64e_a39e51b7-8a3f-43fb-b69a-84041f5f3a4c.jpg
dfe5e0b7-8f1e-4733-b40e-19eae7b6daaf,local,5efa877eb7_52325649-eada-405c-8a47-fbaa508029ff.jpg,Sentence,image/jpeg,9234862,{},5efa877eb7_52325649-eada-405c-8a47-fbaa508029ff.jpg
3e0391c0-fcbc-439b-9bdc-399c1c7c33ea,local,a46b2845eb_ae26402d-8c68-4111-b10e-87e3d558a1bf.jpg,Sentence,image/jpeg,7372558,{},a46b2845eb_ae26402d-8c68-4111-b10e-87e3d558a1bf.jpg
112995a7-bd7f-48d7-9412-f89486376bf1,local,f9316b18a2_9c98a6a4-5494-4275-982b-4f5054b2028f-1.jpg, Psycho-disaster,image/jpeg,5585543,{},f9316b18a2_9c98a6a4-5494-4275-982b-4f5054b2028f-1.jpg
d10e5c99-d130-4cb0-8492-50c215c13a40,local,6631fd00f4_4d38471d-022d-47fc-90f2-ac4e5e6a1489-1-1.jpg, Psycho-disaster,image/jpeg,7717643,{},6631fd00f4_4d38471d-022d-47fc-90f2-ac4e5e6a1489-1-1.jpg
bb7ec2a5-ff3f-4114-bfbb-fdc910a62fea,local,6b049f45f8_6b487d58-db1e-45d5-b456-f7d65a30c0ec.jpg, Psycho-disaster,image/jpeg,8859964,{},6b049f45f8_6b487d58-db1e-45d5-b456-f7d65a30c0ec.jpg
eb413628-2f4e-49ca-a3cd-92735a86a27e,local,8814e175a3_4dc530e0-8509-41cc-b6e3-2e8d2a8f52c5.jpg, Psycho-disaster,image/jpeg,7398885,{},8814e175a3_4dc530e0-8509-41cc-b6e3-2e8d2a8f52c5.jpg
8e86c395-8937-40cb-af2a-f12e7704eb75,local,3802d1b82a_15fe609c-583e-45ff-a725-89aa2ae63a34.jpg, Psycho-disaster,image/jpeg,8119013,{},3802d1b82a_15fe609c-583e-45ff-a725-89aa2ae63a34.jpg
304ab12f-9cf0-4b54-b820-5bec2996e65c,local,b7b4af3b0b_429bc188-1685-4747-afd7-527ef971b231.jpg, Psycho-disaster,image/jpeg,8896212,{},b7b4af3b0b_429bc188-1685-4747-afd7-527ef971b231.jpg
444bf82b-67b6-47d5-b435-8f01231cd790,local,2d35dce88b_77937bbc-dc6d-4ae9-9e0d-ddddf97088a3.jpg, Psycho-disaster,image/jpeg,6638376,{},2d35dce88b_77937bbc-dc6d-4ae9-9e0d-ddddf97088a3.jpg
c0667f2b-2897-4e07-82ab-54780005bd2e,local,3d98ddcd98_d7098960-fb0b-4a55-acdf-9493104e9cd1.jpg, Psycho-disaster,image/jpeg,6388375,{},3d98ddcd98_d7098960-fb0b-4a55-acdf-9493104e9cd1.jpg
49ce4532-7092-433a-871a-4b307dedd4df,local,8cc8050366_a64fb9f2-7473-4b44-81db-47c83b89d586.jpg, Psycho-disaster,image/jpeg,8822283,{},8cc8050366_a64fb9f2-7473-4b44-81db-47c83b89d586.jpg
63dc8d6e-1112-4d23-8c51-7b767b4674e0,local,130275a6c8_e2450a2a-3be2-42e4-aa0c-0da76c38c609.jpg, Psycho-disaster,image/jpeg,6557007,{},130275a6c8_e2450a2a-3be2-42e4-aa0c-0da76c38c609.jpg
58c0905b-8698-4050-8de0-31cbdce1467a,local,a6481fbfe7_bf6bc4f7-c8aa-4aa5-8214-a7710d1482e5.jpg, Psycho-disaster,image/jpeg,8870836,{},a6481fbfe7_bf6bc4f7-c8aa-4aa5-8214-a7710d1482e5.jpg
a878417c-7f32-400a-9f55-01c75f99f9cc,local,8f037e2f9d_b1aa2569-5d50-4935-8071-ee67c5d45d71-1.jpg, Psycho-disaster,image/jpeg,6882307,{},8f037e2f9d_b1aa2569-5d50-4935-8071-ee67c5d45d71-1.jpg
f86068ed-0110-4f40-8110-eca42fac5736,local,67edcc04e1_107317511_286229069394441_5591388092028933524_n.jpg,The Cold War,image/jpeg,204389,{},67edcc04e1_107317511_286229069394441_5591388092028933524_n.jpg
9d529576-6947-4bb5-b09d-37722deb028b,local,b9804bd143_106256589_145117863876877_2643895214070327709_n.jpg,The Cold War,image/jpeg,297174,{},b9804bd143_106256589_145117863876877_2643895214070327709_n.jpg
3c74bc12-78a0-474a-934c-66c9c647511b,local,b58aa8faeb_106143719_112435463711848_7355589341898837372_n.jpg,The Cold War,image/jpeg,217615,{},b58aa8faeb_106143719_112435463711848_7355589341898837372_n.jpg
744280d5-2b46-416b-ad50-3c9b661726df,local,9a24a154ac_106246055_728519111299213_739918672886014057_n.jpg,The Cold War,image/jpeg,265690,{},9a24a154ac_106246055_728519111299213_739918672886014057_n.jpg
ed6ae590-3f05-4ef7-8d06-497a647998b1,local,73edf7bc75_106294131_378635166447728_8074892838679600142_n.jpg,The Cold War,image/jpeg,124247,{},73edf7bc75_106294131_378635166447728_8074892838679600142_n.jpg
7bf04b46-953b-47cc-a966-9de0668c1fb5,local,0aa6bbe2d3_106280629_209253493616419_8852854316055934527_n.jpg,The Cold War,image/jpeg,162280,{},0aa6bbe2d3_106280629_209253493616419_8852854316055934527_n.jpg
47b8d15c-4c4a-43c0-816f-22850af81124,local,d7ac54052f_106349741_2716467338678566_610694076402714212_n.jpg,The Cold War,image/jpeg,185650,{},d7ac54052f_106349741_2716467338678566_610694076402714212_n.jpg
15e3e2fd-7e99-4919-98b9-d76c3e044c87,local,4bd49f9d2f_106238888_2592395774317277_1717463677775051359_n.jpg,The Cold War,image/jpeg,128311,{},4bd49f9d2f_106238888_2592395774317277_1717463677775051359_n.jpg
5fe51622-2c38-415e-b0d0-5d74e03d8b52,local,bd319ceaa4_106477178_155493779395138_6532652414467362809_n.jpg,The Cold War,image/jpeg,192864,{},bd319ceaa4_106477178_155493779395138_6532652414467362809_n.jpg
8c3d9447-3d72-4411-b7b4-3043af9bd2ed,local,f4884218c6_106274316_563894560972389_5702576351699559660_n.jpg,The Cold War,image/jpeg,252756,{},f4884218c6_106274316_563894560972389_5702576351699559660_n.jpg
00d69a4f-dee5-464e-a05c-8562a0a2c65b,local,8b01f8c540_106567341_769172007161646_1207763459145487032_n.jpg,The Cold War,image/jpeg,203155,{},8b01f8c540_106567341_769172007161646_1207763459145487032_n.jpg
3f5e4dd6-2f35-4d38-9b17-70312e03db09,local,d225a69a4d_106591956_178721680273755_8352987626390517710_n.jpg,The Cold War,image/jpeg,145970,{},d225a69a4d_106591956_178721680273755_8352987626390517710_n.jpg
e92441bc-ceeb-467a-beac-f7db7d478642,local,1968b850b7_106547769_297484594636652_7826568892943696564_n.jpg,The Cold War,image/jpeg,230074,{},1968b850b7_106547769_297484594636652_7826568892943696564_n.jpg
b08e2920-5bd1-4fd4-879d-7535e2b47756,local,31187fb059_107203335_153843266237216_4863471491455592238_n.jpg,The Cold War,image/jpeg,109352,{},31187fb059_107203335_153843266237216_4863471491455592238_n.jpg
b378d313-8ff8-4839-bd22-28bd108cffa7,local,b7c1a3ce02_106926963_2781439332086870_1846690506424050470_n.jpg,The Cold War,image/jpeg,232921,{},b7c1a3ce02_106926963_2781439332086870_1846690506424050470_n.jpg
e4116d02-2c98-4712-bd62-d789d65f2c07,local,26897d253f_107083077_274692630291561_3355884245119958069_n.jpg,The Cold War,image/jpeg,194846,{},26897d253f_107083077_274692630291561_3355884245119958069_n.jpg
d02d6595-2f6b-4e67-87f8-73ea59096cb8,local,4582d97d72_106818436_438138920476271_1604832123519850608_n.jpg,The Cold War,image/jpeg,199579,{},4582d97d72_106818436_438138920476271_1604832123519850608_n.jpg
1febf1cc-c28c-4087-b823-5b8045503f41,local,04497d5ccd_107376954_3425297697501399_7977900248950113984_n.jpg,The Cold War,image/jpeg,118933,{},04497d5ccd_107376954_3425297697501399_7977900248950113984_n.jpg
8bc1557a-6931-4d37-9a0d-70bdeacff89f,local,3eb281bee7_107317510_270859397469095_4801824182456606060_n.jpg,The Cold War,image/jpeg,221157,{},3eb281bee7_107317510_270859397469095_4801824182456606060_n.jpg
